143,Rob,McConachie,signup@robmcconachie.com,192,Deborah,Alter,deborah.alter@gmail.com,151,Sinead,Whitehead,sinead.whitehead@gmail.com,193,Jan & John,Bacon,baconj@telus.net,191,Lydia,Hill,Lydia@hill.vg,190,Bjí€ŒŸrnar,Right Solvang,mr.right@netcom.no,189,Mark,Gardner,gdner54@hotmail.com,27,Shawn,Smith,shawn.smith@agentsofchange.ca,28,Shawn,Smith,shawncorp@gmail.com,188,Ramona,Lichtenthaeler,rlichten2002@yahoo.de,187,Scott,Paterson,kiva@saabnet.com,186,Julia,Bailey,julia.bailey@aya.yale.edu,185,Shekufeh,Zonji,szonji@gmail.com,184,Jane,Walker,magicaljourneys@hotmail.com,183,Hilda,Harding,hilda.harding@btinternet.com,182,Karen,Milliken,kmillilen55@gmail.com,181,Mila ,Lukic,lukic.mila@gmail.com,180,Sandeep,Somul,ssomul@sfu.ca,179,Nancy,Robertson,robertso@conrock.net,178,Shari,Bozorg,s_bozorg@hotmail.com,177,Morvarid,Benam,xoxbaby_girlxox@hotmail.com,176,Susan,Shewan,jewell@telus.net,175,Lee,Eakin,ldeakin@shaw.ca,174,Kristy,Ryan,kristyryan19@gmail.com,173,Brian,Chittock,kaboom_29@hotmail.com,172,Sonia,Paul,tsoniapaul@gmail.com,171,Danielle,Da Cruz,dcruz_7@hotmail.com,170,Geoffrey,Gibbons,geofgibbons@att.net,169,Xenia Maren,Menzies,xenia.menzies@gmail.com,587,Priya,Mitra,priya.mitra@gmail.com,168,Marilyn,Rismondo,marilyn.rismondo@hotmail.com,167,Josephine,Smyth,jsmyth@dccnet.com,166,Don,Hudson,hudsodm@mail.auburn.edu,165,Rhian,House,rhiannicole@hotmail.com,164,Kareem,Mayan,reg@reemer.com,163,Leslie,Nielsen,leslie@yutakasaguide.org,162,Charity,Meakes,cjmeakes@gmail.com,102,Shawn,Smith,shawn.smith@educationgeneration.org,161,Stacey,Gillard,iolaus76@hotmail.com,160,Megan,Hollstedt,meg_stedt@yahoo.com,105,Behrad,Bayanpour,behrad@educationgeneration.org,159,Odd,Braathun,braathun1@gmail.com,108,Shawn,Smith,info@globalafc.org,109,Molly,Whitehead,bt@bt.com,110,Behrad,Bayanpour,robayan@hotmail.com,158,Brad,Whitehead,brad.whitehead@shaw.ca,112,Shawn,Smith,srsmith@alumni.sfu.ca,113,Behrad,Bayanpour,behbay@gmail.com,114,Eileen,Knowles,eileenknowles@gmail.com,157,Christine ,Callihoo,c.counterflow@shaw.ca,156,Halima,Qureshi,halimaq@gmail.com,155,Karli,Anderson,anderson.karli@gmail.com,154,Allen,Chen,allenckchen@gmail.com,124,Shawn,Smith,shawn@educationgeneration.org,125,Brett,Whitehead,brettjwhitehead@gmail.com,126,Josephine,De Freitas,josephine@shaw.ca,127,Rick,Smith,asap@dowco.com,128,Zaya ,Kadyrova,zaya.kadyrova@gmail.com,129,Laura,Davies,lauraelizabethdavies@gmail.com,130,Julia,Balakshin,julia.balakshin@gmail.com,131,Carley,Fraser,carleyatsea@hotmail.com,132,Ross,Macpherson,rossmac62@hotmail.com,133,Nazanin,Mohammadifard,nazanin.mfard@gmail.com,134,Azadeh,Ahmadi,saha83@hotmail.com,135,Ivan,Chan,chaniva@gmail.com,136,Joyti,Bharaj,joytib@gmail.com,137,Behrad,Bayanpour,behrad.bayanpour@active.com,138,Chelsea,Sharman,volunteer@globalafc.org,139,John,Doe,johnaroundtheworld@hotmail.com,140,Tomas,Raattamaa,raattamaa@gmail.com,147,Brett,Whitehead,canadian_brett@yahoo.ca,144,Ashley,Akins,ashley@mosqoy.com,145,Eileen ,Knowles,eileen_knowles@hotmail.com,146,Mike,Cummings,Mikec3756@hotmail.com,148,Emma,Banks,emmabanks@gmail.com,149,Eli & Sven,Nordstrom,enords@comcast.net,150,Rebecca,Mead,rmead7@hotmail.com,152,Alex,Mendelev,mendelev@yahoo.com,153,Kory,Fawcett,kfawcett@zaui.com,336,Kushal,Chakrabarti,kushalc@vittana.org,194,Amnesty14,Amnesty International Group,aigroup14@gmail.com,195,Alexandria ,Burough,raspirit@mokehill.net,196,Jackie,Couture,jcouture1122@gmail.com,197,Josh,Richards,josh.t.richards@gmail.com,198,Shannon ,Thompson,shannon@cmabc.com,199,Ashley,Bayles,ashleybayles@gmail.com,200,Marsha,Richins,richinsmm@gmail.com,201,Dubrowski,Piotr,piotr.dubrowski@gmail.com,202,Aidin,Niavarani,aidinnz@hotmail.com,203,Karen,Brady,kbrady@coloradoestateplanning.com,204,Niloufar,Pourzad,niloufar_p@hotmail.com,205,Lesley ,Wicks,microfinance@innovativecommunities.org,206,Greg,Gunn,gregorygunn@gmail.com,207,Pierre,Lison,plison@agora.eu.org,208,Jesika,Breitenfeld,jesika50@hotmail.com,209,Carlota ,Lee,carlotalee@shaw.ca,210,Aram,Askarian,aram.askarian@gmail.com,211,Suresh,Sivarajah,mission_around_the_world@yahoo.co.uk,212,Sean,Walsh,iamcalledsean@gmail.com,213,Sharlene,Raffard,rraffard@shaw.ca,214,Melissa,Chungfat,melissa_chungfat@hotmail.com,215,Amelia,Boultbee,ameliaboultbee@gmail.com,216,Ealeen,Wong,ealeenw@gmail.com,217,Neil,Robb,tmetalicrooster@yahoo.co.uk,218,Diane ,Reese,dereese@gmail.com,219,Catherine,M,cmetrycki@hotmail.com,220,Wendy,Wolfe,wolfe11@shaw.ca,221,Kim ,Gartland,gartlandis@shaw.ca,222,Lydia,Hill,lydia@garbtheworld.com,223,Matt,Hill,matt@hill.vg,224,Elizabeth,Kiss,kisse@shaw.ca,225,Amanda,Hill,Amanda@garbtheworld.com,226,Heidi,Hill,Heidi@garbtheworld.com,227,Terry,Hill,Terry@garbtheworld.com,228,Nyck,Hill,Nyck@garbtheworld.com,229,Roddy,Jaglal,Roddy@garbtheworld.com,230,David,Bailey,david@garbtheworld.com,258,Greg,Harrison,greg@elitebeat.net,231,Tiara,Shafiq,divabat@gmail.com,232,Joyce,Langridge,jlangridge@shaw.ca,233,Tahir,Din,tyadin@gmail.com,234,Sally,Slater,slater6447@shaw.ca,235,Silvia ,Heinrich,smheinrich@shaw.ca,236,Patrcia,Skinner,trish.skinner@shaw.ca,237,Sue,Dupuis,sue.dupuis@shaw.ca,238,Sharon,Cooper,scooper425@hotmail.com,239,Morgan,Laird,morgan.laird@hotmail.com,240,Brenda,Warner,bwarner@shaw.ca,241,John ,Andru,ja_andru@hotmail.com,242,Eric,Eaglstun,eeaglstun@yahoo.com,243,Donna,Begg,perennialdesigns@shaw.ca,244,Jennifer,Leitham,jennifer@jenniferleitham.com,245,Uigei,Sikoo,afrocubanmommi@yahoo.com,246,Vickere,Murphy,murphy@qed-editing.com,247,Ron,Timmons,rontimmons@aol.com,248,Annabelle,Aylmer,aaylmer@charter.net,249,Mike,Barako,mbarako@pasadenaforobama.org,250,Bryan,Bowen,reds_dad@hotmail.com,251,Bryce ,Farrington,bryce.farrington@gmail.com,252,Rení€Œ©,Douwstra,renedouwstra@hotmail.com,253,Julie,Steiner,steinerfamily@telus.net,393,Brett,Whitehead,brett_j_whitehead@hotmail.com,255,Cindy,Landolt,cindy@landoltfamily.com,256,Leah,O\\'Neill,isleaho@shaw.ca,257,Sonja,Vainio,vainiosonja@gmail.com,259,Alan,Smith,mralansmith@gmail.com,260,Suzanne,Abram,suzannelabram@gmail.com,261,Lonnee,Hamilton,loneeh@gmail.com,262,Laura,Lee-Chin,xingchin@hotmail.com,263,Annalise,Lasater,lasaa01@yahoo.com,264,Lance,Mungia,lancemungia@mac.com,265,Patrick,O'Connor,wesleyave@charter.net,266,Good Dogg,Dogg,mmcdonald@whitakerchalk.com,267,Willem,Leenen,willem_leenen@hotmail.com,268,Carolyn ,Clarke,cclarke@pastforward.ca,269,Eileen,Boxall,eboxall@sympatico.ca,270,Jill And Leigh,Harrison,gregharrison@gmail.com,271,Sandro,Franchi,sandro.franchi@gmail.com,272,Ruth ,Rudden,ruth.rudden@btinternet.com,273,Ví€Œ_tor,Domingos,vitor.domingos@gmail.com,274,Joao,Sousa,jluismail@gmail.com,275,Maria,Latella,majolatella@hotmail.com,276,Jonas,Karlsson,jke.karlsson@gmail.com,277,Joella,Cabalu,joella16@yahoo.com,278,Nuno ,Batista,nbatis@msn.com,279,Marilyn And Carolyn,Clarke,marilyncarolyn@gmail.com,280,Jennifer,Sewards,jsewards@rogers.com,281,Beth,Arnold,betharnold@mac.com,282,Patricia,Imhoff,patricia.imhoff@verizon.net,283,Grover,Brinson,brinson9009@comcast.net,284,Stanley,Zimmerman,szim@comcast.net,285,Beth,Steward,bsbk13@comcast.net,286,Ellinor,Sandberg,urdskuldverdandi@gmail.com,287,Sasha,Rethati,sashashow@yahoo.com,288,Kathleen,Mackay,kemackay@mindspring.com,289,Alfred,Twu,atwu@firstcultural.com,290,Victoria,Eldridge,vdesiderata@yahoo.com,291,Sheryl,Esau,sherylesau@gmail.com,292,Nancy,Stewart,nancy.waldenaz@gmail.com,293,Ned,Chatelain,NC101HSD@EARTHLINK.NET,294,Dan ,Ednie,dan.ednie@gmail.com,295,David,Hillman,anamericanin@hotmail.com,296,Hoon,Cho,hoonatwork@gmail.com,297,Yaarit,Moshe,yaarit1989@walla.com,298,Pam,Young,pam_young@rogers.com,299,Karen,Phillips,karenphillips1964@ms.com,300,Sandra,Mereness,smereness31@comcast.net,301,Barbara,Oeffner,barbara.oeffner@clewiston-fl.gov,302,Amanda,Voudy,akv3@sbcglobal.net,303,Jaika  ,Klein,Jaikajklein@gmail.com,304,Sue,Smith,sueNaustin@hotmail.com,305,Rita,Mamede,ritaibmamede@gmail.com,306,Joana,Nicolau Oliveira,joana.nciolau@gmail.com,307,Maggie,McLaughlin,mvmclaughlin@ashlandhome.net,308,Ian,Wearmouth,ian.wearmouth@gmail.com,309,Joana,Nicolau,joana.nicolau@gmail.com,310,Mike,Bristow,mikebristow_uk@hotmail.com,311,Stamatis,Kouroudis,skouroudis@hotmail.com,312,Paul,Gibbons,pg1rat@hotmail.com,313,Caroline,Chambers,semper_fiii@hotmail.com,314,Sheku,Bangura,shekubangura@yahoo.com,315,Kamara,Mohamed Bornoh,mohamedsalay@yahoo.co.uk,316,Rosanne,Ng,rosanne_ng@alumni.sfu.ca,317,Phyllis,Zegers,pzegers@clearwire.net,318,Alexandra,Fugairon,afugairon@aol.com,319,Jessica ,Fowler,polevaultchick2003@yahoo.com,320,Helle,Juncker,helle.juncker@tdcadsl.dk,321,Elizabeth,Stern,midnight@taosnet.com,322,Ann,Huyler,agh0001@auburn.edu,323,Glynes,Lynes,glynes@gmail.com,324,Denise,DeRocher,gracebaldwin@email.com,325,Subhamay ,Ray,translator@fastmail.fm,326,Theresa,Thomas,tmiyothomas@msn.com,327,Hí€Œ©lí€ŒÂne,Fernandez,southern_shadow@hotmail.com,328,Natasha,Dehghan,shaghayeghd@hotmail.com,329,Nik,Frye,nkfrye@uga.edu,330,Lo,Carr,lostlo@gmail.com,331,Robert,Mouris,rmouris@pt.lu,332,Maggie,Smallwood,magsmall@yahoo.com,333,Smokey,Cat,jmsteer@tpg.com.au,334,Nevin,Aragam,nirvanagam69@hotmail.com,335,Robbie,Brydon,robbie.brydon@utoronto.ca,337,Robyn,Smith,robyn@moveo.ca,338,Melissa,Williams,melissaeewilliams@yahoo.com,339,Ben,Amundson,amund180@hotmail.com,340,Melina,Martin,sheerliquidwonderment@gmail.com,341,Chuck,Wieland,casper@mail.anonymizer.com,342,Charlotte,Marshall,charlies_stuff@hotmail.com,343,Ann,Huyler,huylergirl@yahoo.com,344,Jan,Lintz,j_lintz@hotmail.com,345,Greg,Orkiolla,gjork@mac.com,346,Terrence,Chan,terrenceakqjt@gmail.com,347,Adrienne,Lee,adrienneklee@gmail.com,348,Kelli,Fitzmaurice,kellifitz@telus.net,349,Hamish,Sinclair,hamishsinclair7@btinternet.com,350,Farid,Ahmad ,faridahmad_popal@yahoo.com,351,Denis,Agafonov,agafoshka@hotmail.com,352,Craig,Morris,cmorri03@gmail.com,353,Geoffrey,Compere,geoffreycompere@gmail.com,354,Jane,Barnetzke,jbarnetzke@gmail.com,355,Kip,Yellowjacket,helpingheadsonline@gmail.com,356,Christina,Bosilo,cbosilo@brocku.ca,357,Melissa,Rentchler,mvrentchler@sbcglobal.net,358,Casey,Clements,casey.clements@gmail.com,359,Charmaine,Pettersen,charmiejo@hotmail.com,360,Glenda,Denniston,denniston@wisc.edu,361,Dominic,Volante,davolante@verizon.net,362,Laurence,KRILOFF,laurence.kriloff@edhec-risk.com,363,Okello ,Denis Godwin,dgodwins@gmail.com,364,Alain,Wong,alainkinwong@gmail.com,365,Behnam,Ramezanpoor,rami_kokh@yahoo.com,366,Bill,Keithler,bkeithler@comcast.net,367,Oriana,Senna,Sennaaylanna79@aol.com,368,Laurie,Russell,ljmr@shaw.ca,369,Bernice,Hagino,jrloweak@yahoo.com,370,Fryson ,Chodzi,fchodzi@yahoo.com,371,Sharon,Sewards,sharonsewards@rogers.com,372,Christy,Bolen,cbolen@hotmail.com,373,Lydia Jane,Bozman,lasvegasteacher@embarqmail.com,374,Serge,Van Lier,sergeopreis@yahoo.com,375,Irma,Morawietz,Baden50@yahoo.com,376,Lars Morten,Fuglevik,lmfuglevik@hotmail.com,377,Peter,Lake,plake@qcislands.net,390,Karoline Tufte ,Lien,karoline.lien@gmail.com,378,Susan ,Carter,slcarter@magma.ca,379,Greg,Roderick,magboy69@hotmail.com,380,Terry ,Hamm,hockeymomforobama@gmail.com,381,Cheryl,Sebrell,csebrell@embarqmail.com,687,Ndcofgd,Ndcofgd,tmzzgx@tvhvha.com,382,Derek,Morr,derekmorr@psu.edu,383,Phil & Jean,Manly,jmanly@hawaii.rr.com,384,Suzannah,Bennett,suzannahb@gmail.com,385,Wael,Al Saad,was@onemail.com,386,Neil,Ellingson,neiljellingson@gmail.com,387,Antonia,Riva,antoniariva@bluewin.ch,388,Kelly,Turner,klynnturner@gmail.com,389,Rwego,Ida Dean,rwegoida@yahoo.com,391,Chris,Means,cmeans@intfar.com,392,Shawn,Smith,ohnaroundtheworld@hotmail.com,394,Ihoi,Popo,auihu@iuhiu.com,395,Lynda,Mallinson,LyndaMallinson@yahoo.com,396,Andrew,Reitemeyer,andrew@cleopolis.com,397,C,Frederick,cf@crooked6p.com,398,Melissa,Veras,melissaveras@gmail.com,399,Joao,Penedones,jpenedones@gmail.com,400,Damiani,Sekoulidis,damiani25_@hotmail.com,401,Cait,Murphy,cait.murphy02@gmail.com,402,Arthur,Yee,arthuryee88@gmail.com,403,Jacqueline,Sayaphet,j_sayaphet@hotmail.com,404,Susie,Heddles,swimminggaebirds@hotmail.com,405,MichelButeyko,MichelButeyko,michelbuteyko@mail.ru,406,Maria And Carolyn,Latella Clarke,mariacarolyn.maria@gmail.com,407,Nimshath,Nimfa,nimshath@yahoo.com,408,Laurie,Sutherland,LSuther569@aol.com,409,Girlsround,Girlsround,bnhjk@mail.ru,410,Paula,Franzini,pjfranzini@hotmail.com,411,Marni,Linton,w8ing4destiny@yahoo.com,412,Zemenukis,Zemenukis,semenupperru@mail.ru,413,Claire,Lloyd Jones,clairesie@gmail.com,414,Aerobuldozer,Aerobuldozer,ai260487@gmail.com,415,Myfloverty,Myfloverty,elenrytu@mail.ru,416,Nadia,K,nkasenda@gmail.com,417,Myfloverty,Myfloverty,abhsss@list.ru,418,Kathy,Graham,kgraham@intermap.com,419,Samie,Ullah,samieangel786@yahoo.com,420,Lindsay,Miles-Pickup,mp_lindsay@hotmail.com,421,Sue,Bevan,bevansp@telus.net,422,Remicos,Computer Services,rene@remicos.nl,423,Lori,King,loriking@me.com,424,Jane,Meyer,jane@ccweb.ab.ca,425,Rey,Lim,reysteven@gmail.com,426,Willow,King,willowking@gmail.com,427,Tara N.,Ingram,taraingram@ymail.com,428,Sverre,Skimmeland,skimmis@gmail.com,429,Rikke,Arnesen,rikke.arnesen@hotmail.com,430,Lynn,Davis,tofte84749@aol.com,431,Stefanie,Beninger,sbeninger@hotmail.com,432,J. Clifford,Grant,cliffordg@shaw.ca,433,Henry,Foster,flot.eg.9.enrik@spamgourmet.com,434,Peter,Schopfer,drj@telus.net,435,Kristen,Duncan,kristen.duncan@gmail.com,436,Doug,Cyphers,dougcyphers@hotmail.com,437,Robin,Ford,ford.robin@yahoo.com,438,Shiv Shreya,Bhargava,srssbh@gmail.com,439,Christina,Granger,christinagranger@yahoo.ca,440,Christopher,Robins,pacific_coast_mt@telus.net,441,Silke,Reichrath,silke.reichrath@gmail.com,442,Anne,Saunders,cordelia13@hotmail.com,443,Julie,Belanger,belangerju@gmail.com,444,Fred,Ringham,ring03@shaw.ca,445,Cheryl,Kee,cheryl.g.kee@gmail.com,446,Paul,Wiens,andreawilson@shaw.ca,447,Cynthia,Chou,xynthiax_121x@hotmail.com,448,Jennifer,Delaney,auroraborealis@wildmail.com,657,Stephanie,Bowen,stephanie.ann.bowen@gmail.com,449,Jacqui,Janzen,jacqui.janzen@gmail.com,450,Peter,Birker,pbirker@telus.net,451,Cardozo,Gary,cardozogary@gmail.com,452,Anastasia,Kovaleva,kovaleva.anastasia@gmail.com,453,Dean,Kuusela,kuusela@telus.net,454,Tas,Lacroix,tasmann1@yahoo.ca,455,Ayhan,Ali Shah,ayhanshah2@hotmail.com,518,DEIRDRE,MOORE,deirdre1952@earthlink.net,456,Sam,Larkin,skl6284@hotmail.com,457,Eric,Beland,eric.r.beland@gmail.com,458,Mary,Johnson,mary@trainwithksi.co,459,Deb,Rotzinger,rotzinger@shaw.ca,460,Megan,Kleisinger,mkleisinger@shaw.ca,461,Genevieve,Carolan,gen@intranet.org,462,Bob,Bay,bob@edgen.com,463,Daniel,Ehlers,dehlers@gmail.com,464,Margaux,Robles,ironicplot@gmail.com,465,Lindsay,Ford,lindsay.ford@hotmail.com,466,Kasha ,Butler,kasha_17@hotmail.com,467,Curtis,Ling,curtis.ling@mindspring.com,468,Sangita,Sharma,saifren@hotmail.com,469,Hamed,Khodabakhsh,hamedklaw@gmail.com,470,Ginger,Grant,gingergrant@me.com,471,Nicole,Racco,nicole8585@hotmail.it,472,Rachel ,Ha,rachel.nj.ha@gmail.com,473,The Dubrowski Wedding,Dubrowski,dubrowski.wedding@gmail.com,474,Roozbeh,Farahbod,account-edgen@roozbeh.ca,475,Gerry,Luton,gluton@uvic.ca,476,Zfdkrged,XkPWzKntouizSOLK,wrxvyh@fksjpa.com,477,Ocwddais,Ocwddais,perrkw@zdouvi.com,478,Juliana ,Yeung,jhfyeung@gmail.com,479,Jordyan,Edmiston,jordyan@gmail.com,480,Kathy,Liu,ykathyl@hotmail.com,481,Kerri,Elford,kerrie_36@hotmail.com,482,Jason,Louie,jasonjlouie@hotmail.com,483,Amara,Der,amarader@gmail.com,484,Phil,Knight,phil.knight66@yahoo.ca,485,Linc Ladies,Clarke,LincLadies@gmail.com,486,Kelly,Draper,seasonticket@gmail.com,487,Oystein,Teigre,oystein@teigre.com,488,Ariteo,DLM,ariteo@hotmail.com,489,Gabriela,Avram,gabriela.avram@gmail.com,490,DJ,Fraser,djfraser@gmail.com,491,Leila,Sloss,leila.sloss@gmail.com,492,Rui,Ferreira,ruiandreferreira@gmail.com,493,Andrew,Blazenko,awblazen@gmail.com,494,Nicholas,Jones,jacqui@oldestoneheath.fsnet.co.uk,495,Claire,Zani,claire.zani@gmail.com,496,Evline,Madou,adou@yahoo.com,497,Melissa,Agnese,legallyblondemel@yahoo.com,498,Jen,W,jcw0808@gmail.com,499,Sara,Bansal,canucklehead_girl@hotmail.com,600,Cfmcgzx,Cfmcgzx,qpxznz@omxtym.com,500,Emma,Holmes,eholmes_86@hotmail.com,501,Jenika,Wong,jenikaw@gmail.com,502,Cousins At Christmas,Patterson,cousins.at.christmas@gmail.com,503,Patricia ,Loeb,dtloeb@telus.net,504,JAMES,HSIAO,james.hsiao@highsunmattress.com,505,Jim & Denise,Delsie,jdelsie@gmail.com,506,Kim,Bradford-Watts,wundakim@mac.com,507,Britta,Morrice,kebrima@shaw.ca,508,Sí€ŒŸren Chr.,Sí€ŒŸrensen,wood_soerensen@hotmail.com,509,Kia,Afshari,kiaafshari@gmail.com,510,JOSIAH MWANGI,NJOROGE,siconet2007@yahoo.com,511,Nouman,Mir,candel_hope@yahoo.com,512,Korrie,Hopstaken,khop@xs4all.nl,513,Maj,Gundstí€Œ?m,maj.grundstrom@myntet.ac,514,Meghan,N,meghanlnichol@gmail.com,515,Wvpoholygs,Wvpoholygs,bysmgi@cxctzy.com,516,Qcxgpqtmiay,Qcxgpqtmiay,ymirqi@reajng.com,517,Dqqlicvzhi,Dqqlicvzhi,lbifsg@qrpfgn.com,519,Jill,Kirshner,splash.down@yahoo.com,520,Michelle,Steffens,michelle.steffens@gmail.com,521,Dallion,McGregor,dallion82@yahoo.com,522,Mary,Hart,mary.hart1@btinternet.com,523,Cujhatwgb,AaShEABTgWzNR,rcxqpa@wlbowa.com,524,Bjmxjhwqbi,CVzPNqNUnl,juqifu@octdlr.com,525,Ravi,G,ravig@webcruise.com,526,Stephen,Cooke,rpestes@telus.net,527,Rwjaweajsj,RZeLotwdrmkOlaLxKX,cbhkjz@pwatyv.com,528,George,Mwale,gmwale26@gmail.com,529,Thushy,Subba,thushy007@gmail.com,530,Carien,Boerboom,cboerboom@home.nl,531,Carrie ,Owen,hautemustard@hotmail.com,532,Sathv,Aaru,sa3aru@gmail.com,533,Petra,Huijts,petrahuijts@hotmail.com,534,Marie,Landry,marielandry@shaw.ca,535,Sue,Magee,suemagee51@yahoo.co.uk,536,Vanessa,Lenormand,vlenormand@mac.com,537,Sarah,Hollis,sarahrhollis@gmail.com,538,Qxeiqvi,HatPRXzKWKEJr,rnsupq@sevdoo.com,539,Phil,Bacon,cptzab@gmail.com,540,Kiran,Panchal,ktlpan61-net@yahoo.ca,541,Lhuhyqzshn,Lhuhyqzshn,fpgxgr@bqjvit.com,542,Jasmina,Fatic,f_jasmina@hotmail.com,543,Asmin,Chen,asminc@gmail.com,544,Peter,Scoging,peter.scoging@gmail.com,545,Imupueui,Imupueui,hrrjky@dfnmvd.com,546,Barbara,Tronstein,barbtronstein@gmail.com,547,Pathmanathan,Sivashankar,sivashankar.p@hotmail.com,548,Isaac ,Ssamba,beaconyouths@yahoo.com,549,David,Friedman,David.Kit.Friedman@gmail.com,550,Ali,MAHAMUD,alimaly@gmail.com,551,Nashay,Pnd,nashaypnd@gmail.com,552,Gendbvfkwes,Gendbvfkwes,qpcsll@lskfko.com,553,Rdhnvchvn,Rdhnvchvn,rymsjh@ujlrde.com,554,Sharon ,Kennedy,sharkenn@telus.net,555,Nadia,Zamzul,nadia.zamzul@gmail.com,556,Sandeep,Somul,somulsandeep@gmail.com,557,Jphhecnvm,Jphhecnvm,kemqcc@cwinxf.com,558,Ajit (Sam),Thiara,asthiara@shaw.ca,559,Anssi,Koskenniemi,Anssi.Koskenniemi@gmail.com,560,Eric,Fox,ratfox9@hotmail.com,561,Okvyche,Okvyche,tmvrqk@xdrfob.com,562,Jessica,Lustbader,jessicalustbader@gmail.com,563,Megan ,Cassidy,mcassidy8@gmail.com,564,IOANNIS,KAMPANELLIS,john.kampanellis@gmail.com,565,Shamir,Tanna,shamir.tanna@gmail.com,566,Adam,Kebede,adam.kebede@gmail.com,567,Ktudvn,Ktudvn,umefdi@nucyxl.com,568,Vfhcdtue,Vfhcdtue,glvsys@ueqkyl.com,569,Kristin,M,midnightsorceress14@gmail.com,570,Ivar,Bjerkholt,ivar.bjerkholt@ae.no,571,Pstjnfcom,Pstjnfcom,ywcygf@ahnntf.com,572,Prosper,Hope,ds3883@gmail.com,590,Cadqjq,Cadqjq,kmghsw@qpnfjh.com,573,Fredrick,Osigo,fredrickosigo@rocketmail.com,574,GlobalMind Immigration,Miwako Aratake,miwako_a@yahoo.ca,575,Cecilia,Nunez ,cnunez18@hotmail.com,576,Ingrid ,Alvik,in_alvik@hotmail.com,577,Armin,Erkens,armin.erkens@gmx.de,578,Blobfish,Blobfish,blobfish@contractor.net,579,Hunterbowker,Hunterbowker,beatesteinstei@gmail.com,580,Kyewalyanga ,Wahabu,wahabuloving@gmail.com,581,Craig,Phipps,craigephipps@hotmail.com,582,Universalresopot,Universalresopot,annapokopaeva70@gmail.com,583,Lkcohfc,Lkcohfc,wwthnd@tebpqd.com,584,Wasuvan,Sundararajan,wasuvans@yahoo.com,585,Faisal,Qaanay,faisalqaanay@yahoo.com,586,Joebjcua,Joebjcua,krpslj@mecjvn.com,588,Jovanka,Solorzano,jfsolo@wildmail.com,589,Jasmine,Nielsen,jasmine@mosqoy.org,591,Colin,Doylend,colin@raincitystrategies.com,592,Bharath,Kumar,bharath.vanishing@gmail.com,593,Leigh,Harrison,lharrison@telus.net,594,Aki,Kaltenbach,akikaltenbach@yahoo.ca,595,Susan,Peel,suepeel@telus.net,596,Anette ,Jí€Œ?nsson,anettejonsson100@yahoo.se,597,Nancy,Kraft,nknlk@yahoo.com,598,Kashia,Karzynska,kasiakarz@yahoo.com,599,Kate,Leask,teddycatcat@tiscali.co.uk,601,Tyra,Duong,tyra.duong@freedom55financial.com,602,John,Dawes,john.dawes@sasktel.net,603,Blaise,Salmon,bsalmon@shaw.ca,604,Edgar,Noblejas,rugstoriches58@yahoo.com,605,Sinead,Whitehead,mrasquinha@sylvis.com,606,Shivan,Shah,shivan113@hotmail.com,607,OMAMO ,JULIUS,omamojulie@yahoo.com,608,Amy,Leeson,amyleeson1300@gmail.com,609,Lucy,Crooks,lc.canada.2009@gmail.com,610,Lise & Olivia,Goemans,goemans@telusplanet.net,611,Maura,Kearney,mauraakearney@gmail.com,612,Alan,Cosgrave,alan.cosgrave@deloitte.bm,627,Alana,Turtle,alana.turtle@gmail.com,613,Kathryn,Fennig,kmfennig@gmail.com,614,Yvette,Ty,yvette.c.ty@gmail.com,615,DouglasDQ,DouglasDQ,hipolos@rambler.ru,616,Verna,Savor,vsavor@gmail.com,617,Amy,Byrne,amybyrne@aapt.net.au,618,Katharine,Goepp,katharine@goepp.com,619,Jenny,Kjí€Œ_rvik,kristinkjervik@msn.com,620,Hilde,Christensen,h.christensen@vikenfiber.no,621,Ann-Merete,Hansen,Annmeretehansen@gmail.com,622,Mikael,Skovrup,mikael.skovrup@gmail.com,623,Rebecca,Budd,rebeccabudd@shaw.ca,624,Espen,Ní€Œ_rum,espenjn@yahoo.no,625,Lesley,Gilmour,benazir_rn@yahoo.ca,626,Juan Pablo,Di Lelle,jdilelle@gmail.com,628,Xmqmhvqdg,Xmqmhvqdg,jaodil@qmvnsc.com,629,HYEONSU,YOO,godoctor@hanafos.com,630,Jacqueline,Gant,jgant14@hotmail.com,631,Emma,Dorsey,emma.dorsey@gmail.com,632,BigskyMarilyn,Letts,bigsky.marilyn@gmail.com,633,Jocelyn,Ling,jocelynlac@gmail.com,634,Pamy,Teja,pamyteja@gmail.com,635,Rick,Haycock,rhaycock@gmail.com,636,PlevaPapnef,PlevaPapnef,macnallysusiz@gmail.com,637,Matt,Friesen,Mfriesen@thirdi.com,638,Jarius Andrew,Greaves,j.andrewgreaves@yahoo.com,639,Elcyxcumlhl,Elcyxcumlhl,eqlwmh@mbffpz.com,640,Lauryn,Oates,lauryn.oates@readysetglobal.com,641,Brian,Williamson,ncweazel@yahoo.com,642,Herman,Chandi,chandi.herman@gmail.com,643,Elinore,Feinstein,elinorefeinstein@hotmail.com,644,Sharif,Entezari,sharif.entezari@gmail.com,645,Karen,Luk,luk.karenc@gmail.com,646,Sjclxjj,Sjclxjj,urbdci@oopqyb.com,647,Karen,Hatcher,kmelito@gmail.com,648,Teresa,Goldsmith,goldsmit@nbnet.nb.ca,649,Danae,Steele,noheaecs@gmail.com,650,Chrisphine Ochieng,Okumu,muunganodg@yahoo.com,651,Maggi,Gordon,maggi.gordon@talktalk.net,652,Yagama,Yagama,w717_79.7111@mail.ru,653,Tonny,Edeling,t_edeling@hotmail.com,654,Angela,Evenhouse,a_evenhouse@yahoo.com,655,Hefeweply,Hefeweply,www22@onlysingleparentsdating.co.uk,656,Andre,Malan,raden.andre@gmail.com,658,Yi-Jeng,Huang,yhuangj@gmail.com,659,Francis,Knowles,francis.knowles@gmail.com,660,Hfcpltauqd,Hfcpltauqd,fomzzh@dthvbo.com,661,Hyiajlq,Hyiajlq,yxrkcs@uklwiz.com,662,Katherine,Lee,kathlee90@gmail.com,663,Julie,Geremia,juliekge@gmail.com,664,Vesna,Vidic,vesna24@hotmail.com,665,Marianne,Andersen,mariannetandersen@hotmail.com,666,Laura,Sinclair,lauraksinclair@gmail.com,667,Linda,Crandall,lv.crandall@gmail.com,668,Tanya,Bennitt,tanyabennitt@gmail.com,669,Laura,Sutkowska,oriana.s.67@gmail.com,670,Sharon,Madden,sharonkm@mac.com,671,Scholarship,Card,info@educationgeneration.org,672,Qcilugrqcq,Qcilugrqcq,okpvek@trjqtw.com,673,Julie Berry,Maggiolo,jbmagg@aol.com,674,Cassy,Rooney,cassyrooney@earthlink.net,675,L,C,ellecy@hotmail.com,676,Emonouspesvep,Emonouspesvep,grafotto.spb@gmail.com,677,Antonela,De Bernardo,antonela.debernardo@gmail.com,678,Sarah,Foley,s1foler@hotmail.com,679,Onyango,Bernard,bnaduro2030@gmail.com,680,Onyango,Bernard,benaduro2030@gmail.com,681,Sudheer,Gupta,sudheerg@sfu.ca,682,Xdrtfgrq,Xdrtfgrq,wxhgla@sysgae.com,683,May,Poon,mpa27@sfu.ca,684,Mathew,Tzetzos,mtzetzos@gmail.com,685,Soni,Mand,ssonim@hotmail.com,686,ANTOINETTE,BLACK,flantblack@yahoo.com,688,Psydaysnink,Psydaysnink,santamaza@gmail.com,689,Boris,Mir,bmir@lamiradapedagogica.net,690,Joyce,Chung,joycechung@hotmail.com ,691,Tcccnnpbjci,Tcccnnpbjci,hpyajq@fvqslo.com,692,Christina,Wu,christinagwu@gmail.com,693,Robert,Parsons,parsons.rob@gmail.com,694,John ,Stevens,jwstevens123@gmail.com,695,Mobrpkql,Mobrpkql,kwezxs@wnjuvc.com,696,Mrngyyi,Mrngyyi,oquocb@bpxzvx.com,697,Barbara,Sinclair,balsinclair@gmail.com,698,Kaleigh,Heard,kheard4@uwo.ca,699,Brittany,Yu,brittanyyu@gmail.com,700,Enalialbupe,Enalialbupe,biomamitroula@mail.ru,701,Angie,Rai,aar3@sfu.ca,702,Loonmeniusers,Loonmeniusers,d.danstrange1@yandex.ru,703,H,Nayyar,mailhnayyar@gmail.com,704,Lrhmbrzwm,Lrhmbrzwm,acwslk@jvbkbm.com,705,Yavebljomy,Yavebljomy,rcctom@mihhlz.com,706,Mr. Wallace ,Muraya,kiseriancommunityprojects@yahoo.com,707,Manal,Siddiqui,s.manal@gmail.com,708,Julia,Hermann,juhemali@web.de,709,Brenda,Medina-Hernandez,bmedinahernandez@gmail.com,710,Ernest,Yu,ernestckyu@gmail.com,711,VogFuttygob,VogFuttygob,dandanad@mail.ru,712,Urgefsmelddes,Urgefsmelddes,dandanc@mail.ru,713,Esteban,Bello,esteban@bariloche.com.ar,714,Malcolm,Wong,malcolmwongzhenda@gmail.com,715,Inge,Vandermeulen,ingev@sympatico.ca,716,Fayeza,Islam,fayeza.islam@gmail.com,717,Kaitlin,Gray,kaitlin.gray@me.com,718,LaniaNawfieda,LaniaNawfieda,pyatnickin@mail.ru,719,LaniaNawfieda,LaniaNawfieda,drganovi4ev@mail.ru,720,LaniaNawfieda,LaniaNawfieda,pyatnickin@bk.ru,721,Sylvie,McCallum Rougerie,sylvie_m13@hotmail.com,722,Diane,Cameron,diacameron@hotmail.com,723,David And Helen,Marshall,helenanddavidm@phonecoop.coop,724,Janice,Mawhinney,janice.mawhinney@rogers.com,725,LaniaNawfieda,LaniaNawfieda,pages-odin@mail.ru,726,Kate,Koester,katekoe@yahoo.ca,727,Joanne,Siegla,joannecpa@cox.net,728,Maryam,Mehrtash,maryam_mehrtash@hotmail.com,729,Sarah,Yu Rutherford,sarah@syrcreative.com,730,Danbdan,Danbdan,danbdan@yandex.ru,731,Karin,Smith,creativeart44@hotmail.com,732,JerPlammabure,JerPlammabure,anton@pichosti.info,733,Danbdan,Danbdan,danbdan@mail.ru,734,Lori,Neilson,alaskalolo@gmail.com,735,Sajith,Mohamed,sajith.aiyye@gmail.com,736,Seana,Graham,seana@cruzio.com,737,Cheryl,Knepfler,Cknep123@gmail.com,738,Bernadette Ann,Eirheim,bernadette@runbox.no,739,Jade,Pover,jadepover@gmail.com,740,LaniaNawfieda,LaniaNawfieda,pages-ii@mail.ru,741,Rob,Cole,robcole@me.com,742,LaniaNawfieda,LaniaNawfieda,tatu-ii@mail.ru,743,WriptMetloorp,WriptMetloorp,maria@pichosti.info,744,LaniaNawfieda,LaniaNawfieda,tatu-page@mail.ru,745,LaniaNawfieda,LaniaNawfieda,aislinna-alois@mail.ru,746,Ascettylayele,Ascettylayele,ethan0euh.lman@gmail.com,747,UnpadiaAppaws,UnpadiaAppaws,ethan0euhl.man@gmail.com,748,Jake,Moir,moir_jake@hotmail.com,749,Entinicoelo,Entinicoelo,ethan0euhlm.an@gmail.com,750,Robyn,Bennis,robynbennis@hotmail.com,751,Ethishiob,Ethishiob,ethan0euhlma.n@gmail.com,752,Lena,La Bonita,volunteer.suryani.institute@gmail.com,753,GeardIrreli,GeardIrreli,ethan0euhlman.@gmail.com,754,PedeEndorepug,PedeEndorepug,fernando6ry6n@gmail.com,755,Anje,Gjesdal,anje.gjesdal@gmail.com,756,Lartsooth,Lartsooth,f.ernando6ry6n@gmail.com,757,J,T,jtjt1030@gmail.com,758,Cadiorirm,Cadiorirm,fe.rnando6ry6n@gmail.com,759,Susan,Wirth,swirth9092@gmail.com,760,Mona,Al-Attas,mona.attas@yahoo.com,761,Christine,Ostrowski,chrissy.ostrowski@gmail.com,762,Greg,FitzGerald,ggfitzg@gmail.com,763,GobIronsesorb,GobIronsesorb,fer.nando6ry6n@gmail.com,764,Carla,Culos,cculos@gmail.com,765,LaniaNawfieda,LaniaNawfieda,femeljanenko@mail.ru,766,Britt í€äó_se,Try,bibitry@gmail.com,767,Maisanase,Maisanase,fern.ando6ry6n@gmail.com,768,Seapsecreag,Seapsecreag,ferna.ndo6ry6n@gmail.com,769,Irriseapype,Irriseapype,fernan.do6ry6n@gmail.com,770,Creapefordasp,Creapefordasp,fernand.o6ry6n@gmail.com,771,Gardglisserse,Gardglisserse,fernando.6ry6n@gmail.com,772,OrerryPrica,OrerryPrica,fernando6.ry6n@gmail.com,773,Offerdesy,Offerdesy,fernando6r.y6n@gmail.com,774,AdvesseGearge,AdvesseGearge,fernando6ry.6n@gmail.com,775,Jetedadeomi,Jetedadeomi,fernando6ry6.n@gmail.com,776,DobSeefDefs,DobSeefDefs,kasiorbanarango1.8@gmail.com,777,Kavyvitty,Kavyvitty,k.33s3taj7v@gmail.com,778,Buffexcache,Buffexcache,k3.3s3taj7v@gmail.com,779,James,Hobbs,jahobbs@ucdavis.edu,780,Lymnimminurgy,Lymnimminurgy,ert8uuy6ggfzz@hotmail.com,781,Lymnimminurgy,Lymnimminurgy,huutaadenkiana@hotmail.com,782,Lymnimminurgy,Lymnimminurgy,lzwabrecquhrewillia@hotmail.com,783,AroluhBlurl,AroluhBlurl,henrylangley716@yahoo.co.uk,784,Saphpoppinc,Saphpoppinc,tcrdshustersamara@hotmail.com,785,Gesyteshy,Gesyteshy,reelcriphstibie@hotmail.com,786,Derk,Van Veen,derkvanveen@gmail.com,787,Barbara,Brandt,Bbrandt99@gmail.com,788,LaniaNawfieda,LaniaNawfieda,nettieeverlidis@mail.ru,789,Christian,Lochner,chris@maphia.at,790,Ken,Parsons,parsonsk@gmail.com,791,Sathibabu,Sathi,sathibabu.multimedia@gmail.com,792,Gesyteshy,Gesyteshy,heimshasodqlonda@hotmail.com,793,Freepaypela,Freepaypela,wunxnderludichanita@hotmail.com,794,LepFlomFlus,LepFlomFlus,janqhkhlowskivioleta@hotmail.com,795,Choowllib,Choowllib,martinmaxwel1127@yahoo.co.uk,796,Lymnneafmer,Lymnneafmer,arthurconway1111@yahoo.co.uk,797,DadolaKayadly,DadolaKayadly,rodneyclayto1025@yahoo.co.uk,798,DadolaKayadly,DadolaKayadly,collinfletch1128@yahoo.co.uk,799,Ideodwill,Ideodwill,mauriceolsen616@yahoo.co.uk,800,Ideodwill,Ideodwill,burtonsharpe1025@yahoo.co.uk,801,UBC Sauder ,MBA 2012,saudermbacomm@gmail.com,802,Mahendra,Ramsinghani,mahen.r@gmail.com,803,Sharath Chandra,Vanam,sharathchandravanam@gmail.com,804,Furgyguelry,Furgyguelry,roupushedytljh@hotmail.com,805,Shubhangini,Inamdar,shubhs58@gmail.com,807,Snuntyaddinna,Snuntyaddinna,kqangelphlrikki@hotmail.com,808,GreammapyDirm,GreammapyDirm,zielsuinssxkisaundra@hotmail.com,809,Smurgermomi,Smurgermomi,dvhasselllcratrina@hotmail.com,810,NobHoonysob,NobHoonysob,orin1c1amplin@gmail.com,811,Loalpardy,Loalpardy,o.rin1c1amplin@gmail.com,812,Doninouch,Doninouch,or.in1c1amplin@gmail.com,813,FamnblogmaFar,FamnblogmaFar,ori.n1c1amplin@gmail.com,814,Suzanne,Trudel,suzanne.trudel@videotron.ca,815,Kmmpzvmq,Kmmpzvmq,snwigg@ucngji.com,816,Lowsaloft,Lowsaloft,qkaolciy@gmail.com,817,Nick,Molnar,iam@nicholasmolnar.com,818,Baharak,Beikoghli,baharak.beikoghli@gmail.com,819,LaniaNawfieda,LaniaNawfieda,belgkrystani@mail.ru,820,LaniaNawfieda,LaniaNawfieda,mckenziej@mail.ru,821,Vickram,Jain,vickramj@collabra.ca,822,Mobbillhofe,Mobbillhofe,leppingwelnin@gmail.com,823,Indulturn,Indulturn,mcculloghrzas@gmail.com,824,Brostelopako,Brostelopako,pronkistaklo@gmail.com,825,Fahim,Khan,fahim_khan5577,826,Sigositneli,Sigositneli,eadburghaccez@gmail.com,827,Tileromix,Tileromix,fillrichardsmailto@gmail.com,828,Dexterfoxy,Dexterfoxy,dexterfoxy@gmail.com,829,LaniaNawfieda,LaniaNawfieda,ppickard@mail.ru,830,Wilman,BUQxEmTFbrEPP,georg79@hotmail.com,831,GawOffese,GawOffese,"i.n.ser.tert.9.0@gmail.com,832,Sebastian,Valley,psvalley@comcast.net,833,Alexandria,Haggarty,alexandria.haggarty@accenture.com